"Lip-Sync","Natural Blinking","Video Generation Time","Pose Change Rate","Clear README","Good Image Labels","Easy to Locate Images"
4.60063492063492,4.36507936507936,4.72039682539683,4.22412698412698,5,4.28571428571429,4.42857142857143
