"coreCount","avgMinutes","avgLatency","avgConnect","avgBytes","avgSentBytes"
"singlecoretest.csv",8.37086666666667,408.288,0.0186666666666667,3738.378,9054.981
"duocoretest.csv",4.40434722222222,220.426,0.00833333333333333,3745.7095,9054.987
"duocoretest2.csv",4.803775,252.111,0.0085,3746.2155,9054.987
"quadcoretest.csv",5.11725833333333,264.534,0.0213333333333333,3743.21816666667,9054.991
